{"_step":850,"_wandb":{"runtime":599},"_runtime":599.453002905,"loss":0.24729576706886292,"_timestamp":1.7817081942608023e+09}