{"_step":3687,"loss":0.22459031641483307,"_timestamp":1.7816619795722122e+09,"_wandb":{"runtime":2191},"_runtime":2191.503932618}