{"_step":180,"loss":0.24499085545539856,"_wandb":{"runtime":139},"_runtime":139.853794033,"_timestamp":1.7816658322227697e+09}