{"_timestamp":1.7817219726286774e+09,"_wandb":{"runtime":11387},"_runtime":11387.388636496,"_step":14170,"loss":0.13291414082050323}