{"loss":0.14283916354179382,"_wandb":{"runtime":2232},"_runtime":2232.580229314,"_timestamp":1.7817105626326187e+09,"_step":3240}