{"_timestamp":1.781699765839028e+09,"_step":50000,"loss":0.20608007907867432,"_wandb":{"runtime":33716},"_runtime":33716.929679101}