{"_step":1010,"loss":0.2383069545030594,"_wandb":{"runtime":698},"_runtime":698.911653041,"_timestamp":1.781707051448182e+09}