{"_timestamp":1.781655279528628e+09,"_step":473,"_wandb":{"runtime":677},"_runtime":677.071892055,"loss":0.2497168779373169}